{
    "TAK": [
        34.21525785,
        134.019050767348
    ],
    "HSG": [
        33.15330615,
        130.303191618338
    ],
    "MMY": [
        24.7823495,
        125.2948325
    ],
    "FUK": [
        33.586802,
        130.447393866603
    ],
    "ISG": [
        24.3894675,
        124.2462283
    ],
    "MMB": [
        43.8800143,
        144.161601446166
    ],
    "KMJ": [
        32.8362322,
        130.85543121339
    ],
    "WKJ": [
        45.4041592,
        141.800990873526
    ],
    "AKJ": [
        43.66853565,
        142.451328314971
    ],
    "HAC": [
        33.1151447,
        139.784670840659
    ],
    "KMQ": [
        36.3931775,
        136.408011
    ],
    "MBE": [
        44.30254515,
        143.405914143987
    ],
    "HKD": [
        41.76987575,
        140.825016787346
    ],
    "IWK": [
        34.15901945,
        132.235958331646
    ],
    "OKJ": [
        34.7569745,
        133.853867415041
    ],
    "YGJ": [
        35.501899,
        133.2478616
    ],
    "MYJ": [
        33.8294477,
        132.7041621
    ],
    "SHM": [
        33.66245835,
        135.362808931774
    ],
    "ONJ": [
        40.1934045,
        140.367106985251
    ],
    "AXT": [
        39.614616,
        140.21935028858
    ],
    "KUH": [
        43.0452951,
        144.196472156328
    ],
    "HIJ": [
        34.4374791,
        132.919514817226
    ],
    "OIT": [
        33.478623,
        131.7363812
    ],
    "TOY": [
        36.64904205,
        137.187213802816
    ],
    "UBJ": [
        33.9294836,
        131.275193689835
    ],
    "KOJ": [
        31.803187,
        130.718951
    ],
    "KMI": [
        31.872433,
        131.439793
    ],
    "IWJ": [
        34.678447,
        131.796732217211
    ],
    "AOJ": [
        40.7340525,
        140.689686
    ],
    "GAJ": [
        38.4117427,
        140.3700953
    ],
    "NTQ": [
        37.2938507,
        136.960990480124
    ],
    "UKB": [
        34.6341918,
        135.2290912
    ],
    "IZO": [
        35.41314345,
        132.887817882428
    ],
    "TKS": [
        32.542275,
        116.270176
    ],
    "SYO": [
        38.81582855,
        139.787775853398
    ],
    "OBO": [
        42.73232385,
        143.212733038888
    ],
    "KKJ": [
        33.8417041,
        131.034752
    ],
    "SHB": [
        43.576615,
        144.957585856256
    ],
    "TTJ": [
        35.5287531,
        134.168466880992
    ],
    "KCZ": [
        32.542275,
        116.270176
    ],
    "NGS": [
        32.917846,
        129.915337535379
    ],
    "HND": [
        35.54572095,
        139.780587131238
    ],
    "ASJ": [
        28.431206,
        129.7122505
    ],
    "ITM": [
        34.7839847,
        135.439040728061
    ],
    "MSJ": [
        40.70130095,
        141.37178603846
    ],
    "CTS": [
        42.787797,
        141.680769
    ],
    "NGO": [
        34.8594186,
        136.8163383
    ],
    "KIX": [
        34.43420455,
        135.222523016958
    ],
    "OKA": [
        26.1982697,
        127.647975868459
    ]
}